--USE RamenShop


INSERT INTO Ingredient VALUES
('RI001', 'Egg Ingredients', 10),
('RI002', 'Udon', 20),
('RI003', 'Noodle', 20),
('RI004', 'Seaweed', 24),
('RI005', 'Chicken', 50),
('RI006', 'Pork', 50),
('RI007', 'Beef', 50),
('RI008', 'Onion', 12),
('RI009', 'Leek', 5),
('RI010', 'Soy Souce', 40),
('RI011', 'Spinach Ingredients', 50),
('RI012', 'Corn Ingredients', 14),
('RI013', 'Garlic Ingredients', 5),
('RI014', 'Ginger Ingrediets', 4),
('RI015', 'Shrimp', 19)

INSERT INTO Supplier VALUES
('SP001', 'Sinarmas', 'Pasar 88 Street', '082019319238'),
('SP002', 'Nusantara', 'Pasar Ikan Street', '018232192480'),
('SP003', 'Tokoped', 'Pasar Batu Street', '083176421876'),
('SP004', 'Dikakarya', 'Adem Street', '081273621321'),
('SP005', 'Tepung Tiga Roda', 'Ayem Street', '082364127622'),
('SP006', 'Segi Empat Muda', 'Bambang Street', '082136721421'),
('SP007', 'Malaymaret', 'Thomas Street', '081247124122'),
('SP008', 'Betamart', 'Tomat Street', '082428729293'),
('SP009', 'Ramen Golden', 'Monas Street', '082137266237'),
('SP010', 'Beef Teri', 'Ikan Street', '082147627162')

INSERT INTO Ramen VALUES
('RA001', 'Beef Ramen', 30000),
('RA002', 'Chicken Ramen', 25000),
('RA003', 'Seafood Ramen', 40000),
('RA004', 'Special Ramen', 50000),
('RA005', 'Golden Ramen', 100000),
('RA006', 'Pork Ramen', 60000),
('RA007', 'Tonkatsu Ramen', 65000),
('RA008', 'Miso Ramen', 55000),
('RA009', 'Soyu Ramen', 55000),
('RA010', 'Shio Ramen', 40000)

INSERT INTO Staff VALUES
('ST001', 'Benny Julio', 'Male', '4/1/1999', 'Pasar 88 Street', '082137462819', 1600000),
('ST002', 'Juliana Ananda', 'Female', '03/10/1990', 'Lusa Street', '081729382716', 1700000),
('ST003', 'Naruto Uzumaki', 'Male', '07/01/2000', 'Pasar Rumah Street', '081228192817', 1800000),
('ST004', 'Shizuka', 'Female', '12/08/1999', 'Trigger Street', '081282750162', 1750000),
('ST005', 'Doraemon John', 'Male', '12/08/2000', 'Acer Street', '081792039382', 1600000),
('ST006', 'James Bond', 'Male', '04/03/1996', 'Berita Street', '083528192038', 1600000),
('ST007', 'Miku Nana Santi', 'Female', '1/31/1999', 'Aibon Street', '084617262822', 1600000),
('ST008', 'Hatsune Miku Wibu', 'Female', '06/01/2000', 'Binus Street', '081263287628', 1850000),
('ST009', 'Vincent Martin Luther', 'Male', '12/03/1999', 'Bulpen Street', '081267814722', 1600000),
('ST010', 'Xiaomi Chang Zhong', 'Female', '07/04/1999', 'Laptop Street', '081216232623', 1700000)

INSERT INTO Customer VALUES
('CU001', 'Aaron Evan', '12/08/2000', 'Male', 'Bambang Street', '081230276215'),
('CU002', 'Calvin Cen', '03/24/2000', 'Male', 'Lusa Street', '081238272515'),
('CU003', 'Patrick Leandro', '07/01/2000', 'Male', 'Pasar Rumah Street', '081228192817'),
('CU004', 'Jessica', '12/08/1999', 'Female', 'Trigger Street', '081282750162'),
('CU005', 'Macs', '12/08/2000', 'Male', 'Acer Street', '081792039382'),
('CU006', 'Miguel Rich', '04/03/1996', 'Male', 'Berita Street', '083528192038'),
('CU007', 'Lucinta Luna', '06/30/1945', 'Female', 'Aibon Street', '084617262822'),
('CU008', 'Claranara', '06/01/2000', 'Female', 'Binus Street', '081263287628'),
('CU009', 'Hafidh Bara', '12/03/1999', 'Male', 'Bulpen Street', '081267814722'),
('CU010', 'Lily Was Little', '07/04/1999', 'Female', 'Laptop Street', '081216232623'),
('CU011', 'Andrian Prasetyo Arifin Leonardo', '12/09/2000', 'Male', 'Router Street', '081273182172')


INSERT INTO Recipe VALUES
('RA001', 'RI012', 3),
('RA001', 'RI004', 5),
('RA001','RI001', 2),
('RA002','RI002', 8),
('RA003','RI003', 9),
('RA004','RI004', 2),
('RA005','RI005', 7),
('RA006','RI006', 2),
('RA007','RI007', 9),
('RA008','RI008', 1),
('RA009','RI009', 5),
('RA010','RI010', 4),
('RA001','RI011', 9),
('RA002','RI012', 9),
('RA003','RI013', 9),
('RA004','RI014', 1),
('RA005','RI015', 3)

BEGIN TRAN
INSERT INTO PurchaseTransaction VALUES
('PU001','ST001','SP001','10/10/2019'),
('PU002','ST002','SP002','11/08/2019'),
('PU003','ST003','SP003','09/05/2019'),
('PU004','ST004','SP004','05/25/2019'),
('PU005','ST005','SP005','02/03/2019'),
('PU006','ST006','SP006','07/10/2019'),
('PU007','ST007','SP007','06/19/2019'),
('PU008','ST008','SP008','03/14/2019'),
('PU009','ST009','SP009','06/12/2019'),
('PU010','ST010','SP010','04/16/2019'),
('PU011','ST003','SP001','12/11/2019'),
('PU012','ST004','SP005','03/15/2019'),
('PU013','ST005','SP008','04/18/2019'),
('PU014','ST007','SP006','06/11/2019'),
('PU015','ST006','SP002','07/19/2019'),
('PU016','ST002','SP010','07/12/2016'),
('PU017','ST010','SP007','08/18/2017'),
('PU018','ST001','SP003','03/30/2016'),
('PU019','ST008','SP004','05/02/2017'),
('PU020','ST003','SP002','01/01/2016'),
('PU021','ST005','SP008','03/29/2017'),
('PU022','ST004','SP001','03/15/2015'),
('PU023','ST001','SP003','12/21/2016')

BEGIN TRAN
INSERT INTO PurchaseTransactionDetail VALUES
('PU023', 'RI008', 10),
('PU017', 'RI010', 9),
('PU019', 'RI015', 12),
('PU016', 'RI003', 5),
('PU016', 'RI002', 5),
('PU018', 'RI008', 15),
('PU020', 'RI008', 10),
('PU001', 'RI001', 21),
('PU002', 'RI002', 25),
('PU002', 'RI001', 43),
('PU003', 'RI003', 11),
('PU003', 'RI009', 28),
('PU004', 'RI004', 9),
('PU005', 'RI005', 14),
('PU005', 'RI003', 12),
('PU006', 'RI006', 12),
('PU006', 'RI007', 32),
('PU007', 'RI007', 30),
('PU007', 'RI006', 27),
('PU008', 'RI008', 24),
('PU008', 'RI009', 41),
('PU009', 'RI009', 50),
('PU009', 'RI002', 18),
('PU010', 'RI010', 29),
('PU011', 'RI011', 34),
('PU011', 'RI010', 11),
('PU012', 'RI012', 16),
('PU012', 'RI011', 23),
('PU013', 'RI013', 28),
('PU014', 'RI012', 8),
('PU014', 'RI014', 39),
('PU015', 'RI015', 60)

BEGIN TRAN
INSERT INTO SalesTransaction VALUES
('SL001','ST001','CU001','08/27/2019'),
('SL002','ST002','CU002','04/01/2019'),
('SL003','ST003','CU003','03/02/2019'),
('SL004','ST004','CU004','02/14/2019'),
('SL005','ST005','CU005','07/09/2019'),
('SL006','ST006','CU006','08/12/2019'),
('SL007','ST007','CU007','05/21/2019'),
('SL008','ST008','CU008','07/19/2019'),
('SL009','ST009','CU009','09/29/2019'),
('SL010','ST010','CU010','10/22/2019'),
('SL011','ST003','CU002','12/20/2019'),
('SL012','ST007','CU009','09/17/2019'),
('SL013','ST006','CU010','08/15/2019'),
('SL014','ST002','CU004','02/13/2019'),
('SL015','ST007','CU006','06/12/2019'),
('SL016','ST004','CU005','11/29/2015'),
('SL017','ST001','CU003','01/06/2017'),
('SL018','ST005','CU001','05/08/2016'),
('SL019','ST002','CU006','06/25/2016'),
('SL020','ST008','CU007','08/07/2014'),
('SL021','ST001','CU003','09/09/2013'),
('SL022','ST002','CU011','06/11/2016')


BEGIN TRAN
INSERT INTO  SalesTransactionDetail VALUES
('SL001', 'RA001', 1),
('SL001', 'RA008', 2),
('SL002', 'RA002', 2),
('SL002', 'RA001', 6),
('SL003', 'RA003', 4),
('SL003', 'RA010', 1),
('SL003', 'RA006', 5),
('SL003', 'RA004', 2),
('SL004', 'RA004', 1),
('SL005', 'RA005', 1),
('SL005', 'RA007', 1),
('SL006', 'RA006', 1),
('SL007', 'RA007', 9),
('SL008', 'RA008', 1),
('SL008', 'RA002', 4),
('SL009', 'RA009', 2),
('SL009', 'RA006', 1),
('SL010', 'RA010', 2),
('SL011', 'RA004', 3),
('SL011', 'RA009', 4),
('SL012', 'RA002', 5),
('SL012', 'RA005', 6),
('SL013', 'RA006', 2),
('SL014', 'RA009', 4),
('SL015', 'RA010', 5),
('SL015', 'RA008', 1),
('SL016', 'RA002', 3),
('SL017', 'RA009', 5),
('SL018', 'RA010', 2),
('SL018', 'RA008', 9),
('SL019', 'RA001', 3),
('SL020', 'RA003', 3),
('SL021', 'RA010', 3),
('SL022', 'RA008', 2),
('SL022', 'RA002', 5)

